{
  "detailed_results": [
    {
      "avg_mae": 0.13798130065778674,
      "std_mae": 0.0773506826298711,
      "min_mae": 0.07813934360783302,
      "max_mae": 0.24720484715684743,
      "avg_mse": 0.029324542516517473,
      "std_mse": 0.028965572817337675,
      "min_mse": 0.007180742964656396,
      "max_mse": 0.07024180573486541,
      "avg_r2": -4.25643541475773,
      "std_r2": 1.9425100405500821,
      "min_r2": -7.000357646153061,
      "max_r2": -2.7696440874532127,
      "avg_direction_accuracy": 0.3888888888888889,
      "std_direction_accuracy": 0.4374448818895451,
      "min_direction_accuracy": 0.0,
      "max_direction_accuracy": 1.0,
      "avg_sharpe_ratio": 5.290046444761431,
      "std_sharpe_ratio": 24.893040642285772,
      "min_sharpe_ratio": -20.40006067732015,
      "max_sharpe_ratio": 38.979979608949776,
      "avg_stability_ratio": 0.08804879330099769,
      "std_stability_ratio": 0.022771390582026485,
      "min_stability_ratio": 0.060775447360359815,
      "max_stability_ratio": 0.11651542899751811,
      "avg_bear_mae": 0.1252817091801202,
      "std_bear_mae": 0.0884625579905038,
      "min_bear_mae": 0.040040569174833326,
      "max_bear_mae": 0.24720484715684743,
      "avg_bull_mae": 0.15477536806374823,
      "std_bull_mae": 0.07558682732207414,
      "min_bull_mae": 0.08859971120867977,
      "max_bull_mae": 0.2605656003495852,
      "stability_score": 2.6331127753356824,
      "risk_adjusted_score": 2.00904665923265,
      "n_test_periods": 3,
      "total_predictions": 90,
      "window_months": 24
    }
  ],
  "analysis": {
    "best_mae": 24,
    "best_sharpe": 24,
    "best_stability": 24,
    "best_risk_adjusted": 24,
    "correlations": {
      "avg_mae": {
        "correlation": null,
        "p_value": null
      },
      "avg_sharpe_ratio": {
        "correlation": null,
        "p_value": null
      },
      "stability_score": {
        "correlation": null,
        "p_value": null
      }
    },
    "diminishing_returns": {
      "mae_improvements": [],
      "sharpe_improvements": [],
      "avg_mae_improvement": NaN,
      "avg_sharpe_improvement": NaN
    }
  },
  "recommendation": {
    "optimal_window_months": 24.0,
    "optimal_window_years": 2.0,
    "composite_score": 0.55,
    "reasoning": [
      "The 24.0-month (2.0-year) training window achieved the best composite score of 0.550",
      "\u2713 Best prediction accuracy (lowest MAE)",
      "\u2713 Best risk-adjusted returns (highest Sharpe ratio)",
      "\u2713 Most stable predictions across test periods"
    ],
    "alternatives": [],
    "implementation_notes": [
      "\u26a0 Optimal window uses most available data - monitor for overfitting",
      "\u2022 Consider implementing concept drift detection",
      "\u2713 Good balance between stability and adaptability",
      "\u2022 Retrain quarterly with rolling window",
      "\u2022 Minimum recommended training samples: 720.0",
      "\u2022 Use walk-forward validation for model updates",
      "\u2022 Monitor performance degradation triggers"
    ]
  },
  "metadata": {
    "timestamp": "2025-08-05T12:34:33.887054",
    "dataset_info": {
      "total_days": 2889,
      "total_months": 96,
      "date_range": {
        "start": "2017-09-06 00:00:00",
        "end": "2025-08-03 00:00:00"
      }
    },
    "test_parameters": {
      "window_lengths_tested": [
        24,
        96
      ],
      "test_periods": 3,
      "min_train_samples": 500
    }
  }
}