{
  "detailed_results": [
    {
      "avg_mae": 0.09093716252903244,
      "std_mae": 0.057973625857165825,
      "min_mae": 0.051053614676204936,
      "max_mae": 0.22582323138776594,
      "avg_mse": 0.014442103170570444,
      "std_mse": 0.017428861023789422,
      "min_mse": 0.003416769867784267,
      "max_mse": 0.05704193346888451,
      "avg_r2": -1.8245710434351978,
      "std_r2": 2.4244075879474787,
      "min_r2": -7.905966838252496,
      "max_r2": -0.028866477749742936,
      "avg_direction_accuracy": 0.6875,
      "std_direction_accuracy": 0.3295356581616017,
      "min_direction_accuracy": 0.03333333333333333,
      "max_direction_accuracy": 1.0,
      "avg_sharpe_ratio": 12.312408476063013,
      "std_sharpe_ratio": 21.419360583816804,
      "min_sharpe_ratio": -7.258777128477732,
      "max_sharpe_ratio": 53.04778459968518,
      "avg_stability_ratio": 0.08043000001259107,
      "std_stability_ratio": 0.03301614509441403,
      "min_stability_ratio": 0.05430041354261998,
      "max_stability_ratio": 0.15943602905256887,
      "avg_bear_mae": 0.11245186062345394,
      "std_bear_mae": 0.06943637369853299,
      "min_bear_mae": 0.021588260311535417,
      "max_bear_mae": 0.22582323138776594,
      "avg_bull_mae": 0.0906655856420041,
      "std_bull_mae": 0.06512769893629122,
      "min_bull_mae": 0.03296200467972738,
      "max_bull_mae": 0.238913834428592,
      "stability_score": 1.1885846937184388,
      "risk_adjusted_score": 10.358881817630788,
      "n_test_periods": 8,
      "total_predictions": 240,
      "window_months": 18
    },
    {
      "avg_mae": 0.10277155123587145,
      "std_mae": 0.05573177513946937,
      "min_mae": 0.06338104883824977,
      "max_mae": 0.2465863321114399,
      "avg_mse": 0.01598319537771911,
      "std_mse": 0.020376924232891055,
      "min_mse": 0.005390109812586193,
      "max_mse": 0.06969016121841763,
      "avg_r2": -5.685318708922334,
      "std_r2": 5.82648229950423,
      "min_r2": -15.975559901115197,
      "max_r2": -0.29903228864975584,
      "avg_direction_accuracy": 0.4666666666666667,
      "std_direction_accuracy": 0.4072263907623539,
      "min_direction_accuracy": 0.0,
      "max_direction_accuracy": 1.0,
      "avg_sharpe_ratio": -0.6765934475865756,
      "std_sharpe_ratio": 16.693316575827744,
      "min_sharpe_ratio": -25.082107852624056,
      "max_sharpe_ratio": 30.817843289154776,
      "avg_stability_ratio": 0.10787388048229385,
      "std_stability_ratio": 0.05321813716185993,
      "min_stability_ratio": 0.04866779627167828,
      "max_stability_ratio": 0.23513215372984367,
      "avg_bear_mae": 0.11379119825973272,
      "std_bear_mae": 0.058665395627266,
      "min_bear_mae": 0.034981648314200905,
      "max_bear_mae": 0.2465863321114399,
      "avg_bull_mae": 0.1020997713412643,
      "std_bull_mae": 0.06385149421932787,
      "min_bull_mae": 0.04363005860463184,
      "max_bull_mae": 0.26024802771166333,
      "stability_score": 12.607441615417535,
      "risk_adjusted_score": -0.05366619713094789,
      "n_test_periods": 8,
      "total_predictions": 240,
      "window_months": 24
    },
    {
      "avg_mae": 0.13914508146678412,
      "std_mae": 0.05318176862212791,
      "min_mae": 0.059622460978137407,
      "max_mae": 0.2151666941233283,
      "avg_mse": 0.026915407057671363,
      "std_mse": 0.016752574416750026,
      "min_mse": 0.005502566241959837,
      "max_mse": 0.05297359342752253,
      "avg_r2": -3.47805176570615,
      "std_r2": 4.104986670657323,
      "min_r2": -11.405964307477067,
      "max_r2": 0.004314438777969887,
      "avg_direction_accuracy": 0.3125,
      "std_direction_accuracy": 0.2362540417055806,
      "min_direction_accuracy": 0.03333333333333333,
      "max_direction_accuracy": 0.6333333333333333,
      "avg_sharpe_ratio": -1.9026831244173033,
      "std_sharpe_ratio": 2.6448014384334937,
      "min_sharpe_ratio": -6.157076926415584,
      "max_sharpe_ratio": 0.8978413423465189,
      "avg_stability_ratio": 0.06150722456524533,
      "std_stability_ratio": 0.021790990938687648,
      "min_stability_ratio": 0.03211748648773398,
      "max_stability_ratio": 0.09509269297780543,
      "avg_bear_mae": 0.1825842941546993,
      "std_bear_mae": 0.050178844353651164,
      "min_bear_mae": 0.1079175416194308,
      "max_bear_mae": 0.252413895413148,
      "avg_bull_mae": 0.12187226607161938,
      "std_bull_mae": 0.060376300273575476,
      "min_bull_mae": 0.05349914859092099,
      "max_bull_mae": 0.2151666941233283,
      "stability_score": 0.886120738910668,
      "risk_adjusted_score": -2.147205250250965,
      "n_test_periods": 8,
      "total_predictions": 240,
      "window_months": 36
    },
    {
      "avg_mae": 0.14080681668981698,
      "std_mae": 0.037337010005552757,
      "min_mae": 0.09119096181721015,
      "max_mae": 0.21104636613263092,
      "avg_mse": 0.026597459680295518,
      "std_mse": 0.012373777277233426,
      "min_mse": 0.01231367133630395,
      "max_mse": 0.04868941549096869,
      "avg_r2": -2.5677579026132697,
      "std_r2": 3.4340543395162637,
      "min_r2": -10.948541788446718,
      "max_r2": -0.013817636228123265,
      "avg_direction_accuracy": 0.375,
      "std_direction_accuracy": 0.3072051431861127,
      "min_direction_accuracy": 0.0,
      "max_direction_accuracy": 0.9666666666666667,
      "avg_sharpe_ratio": -2.71335879838316,
      "std_sharpe_ratio": 6.439838517252065,
      "min_sharpe_ratio": -17.849854975088398,
      "max_sharpe_ratio": 6.094979769938734,
      "avg_stability_ratio": 0.051426362477635684,
      "std_stability_ratio": 0.01521985578692381,
      "min_stability_ratio": 0.029051309318137278,
      "max_stability_ratio": 0.07142672635624121,
      "avg_bear_mae": 0.15958616084961852,
      "std_bear_mae": 0.036313606601674854,
      "min_bear_mae": 0.11981443451295924,
      "max_bear_mae": 0.22935782361465348,
      "avg_bull_mae": 0.15861326677308935,
      "std_bull_mae": 0.0381201600350926,
      "min_bull_mae": 0.10171447010359157,
      "max_bull_mae": 0.21940491094101638,
      "stability_score": 1.3192736734970993,
      "risk_adjusted_score": -2.0567065289975717,
      "n_test_periods": 8,
      "total_predictions": 240,
      "window_months": 48
    },
    {
      "avg_mae": 0.11998624906002245,
      "std_mae": 0.05836836101909639,
      "min_mae": 0.045257266648262226,
      "max_mae": 0.2275235521320553,
      "avg_mse": 0.02160609989023313,
      "std_mse": 0.017181463327124002,
      "min_mse": 0.002681929319718483,
      "max_mse": 0.05414082003079075,
      "avg_r2": -4.540270990364782,
      "std_r2": 7.222208453853304,
      "min_r2": -23.071079674876856,
      "max_r2": -0.02806628838695957,
      "avg_direction_accuracy": 0.6083333333333333,
      "std_direction_accuracy": 0.3390140934467999,
      "min_direction_accuracy": 0.06666666666666667,
      "max_direction_accuracy": 1.0,
      "avg_sharpe_ratio": 1.5555204787835457,
      "std_sharpe_ratio": 3.910289120246035,
      "min_sharpe_ratio": -4.45347469263741,
      "max_sharpe_ratio": 7.940636499119528,
      "avg_stability_ratio": 0.08066350320170257,
      "std_stability_ratio": 0.03508741636733541,
      "min_stability_ratio": 0.046130365196042133,
      "max_stability_ratio": 0.15257970626156914,
      "avg_bear_mae": 0.1235443025375541,
      "std_bear_mae": 0.053918293214572165,
      "min_bear_mae": 0.06899346817087554,
      "max_bear_mae": 0.2275235521320553,
      "avg_bull_mae": 0.14523182335129803,
      "std_bull_mae": 0.0603855566889492,
      "min_bull_mae": 0.05967268281340055,
      "max_bull_mae": 0.22897334625970697,
      "stability_score": 1.5001363360657205,
      "risk_adjusted_score": 1.0369193992686574,
      "n_test_periods": 8,
      "total_predictions": 240,
      "window_months": 60
    }
  ],
  "analysis": {
    "best_mae": 18,
    "best_sharpe": 18,
    "best_stability": 36,
    "best_risk_adjusted": 18,